id,address,phone,email
1,1550 Stang Park,790-773-1696,cgilardi0@people.com.cn
2,0061 Meadow Valley Trail,392-747-8283,astoker1@tumblr.com
3,050 North Trail,157-852-1152,jtapping2@businesswire.com
4,605 Fieldstone Court,131-787-7360,dbeneix3@netscape.com
5,019 Southridge Place,908-979-5055,esantorini4@un.org
6,42088 Butterfield Drive,596-350-6531,weccleston5@t.co
7,2 Steensland Lane,823-630-4710,ameuse6@phoca.cz
8,97403 Bultman Parkway,839-151-9620,ssalmond7@webmd.com
9,16 Fieldstone Pass,819-974-2499,lstrangwood8@latimes.com
10,67430 Moose Trail,915-744-1691,marnaez9@scientificamerican.com
11,9 Maywood Lane,562-325-9254,bcastelloa@dmoz.org
12,707 Dovetail Place,143-949-6823,gfowlestoneb@blog.com
13,08682 Claremont Junction,251-734-3404,ctoomeyc@eepurl.com
14,91 Coleman Parkway,872-515-1046,ayekeld@shutterfly.com
15,613 Scott Plaza,447-882-1587,gkette@creativecommons.org
16,9184 Sachs Drive,471-757-5827,pmixworthyf@shareasale.com
17,347 Service Junction,214-184-2149,jdarraghg@goo.ne.jp
18,6 Hermina Way,652-488-6257,aelandh@xinhuanet.com
19,8947 Golden Leaf Place,863-354-0208,bharlowei@engadget.com
20,488 Hooker Park,376-541-0552,gbrackpoolj@blogspot.com
21,3252 Lotheville Street,155-168-8633,kmaseykk@indiatimes.com
22,365 Clyde Gallagher Street,811-294-3927,tramirol@ameblo.jp
23,10103 Hoepker Drive,715-385-8444,gmandym@blogs.com
24,927 Melby Court,540-254-1764,hdrinkalln@craigslist.org
25,327 Mallory Junction,367-876-5538,cgarmstono@tinypic.com
26,2 Crest Line Parkway,835-832-1035,lroscherp@ca.gov
27,5 Pond Crossing,562-269-9979,nhealeasq@intel.com
28,0 Independence Crossing,217-394-9744,gferandezr@altervista.org
29,34308 Hoffman Parkway,593-982-5068,gsindersons@jugem.jp
30,644 Calypso Avenue,825-696-5149,ttowt@nifty.com
31,16 Talisman Place,202-332-9081,zbalaamu@berkeley.edu
32,854 Beilfuss Alley,240-424-5719,araveauv@trellian.com
33,4 Monument Lane,802-184-5870,etedstonew@diigo.com
34,12471 Beilfuss Park,584-751-0668,ebuttrickx@unc.edu
35,0743 Debs Trail,684-100-9184,csecretany@mozilla.org
36,9814 Claremont Hill,191-599-7148,zpettendrichz@accuweather.com
37,3524 Vera Court,794-804-2612,mwoodes10@friendfeed.com
38,81468 Oakridge Avenue,800-392-8260,krooney11@nature.com
39,850 Tony Street,678-780-1050,ispadeck12@newyorker.com
40,23 Del Sol Avenue,305-299-1430,mtabourin13@flavors.me
41,21 Nancy Terrace,204-181-7312,egoard14@paginegialle.it
42,316 Granby Circle,969-117-1371,cgunn15@omniture.com
43,14376 Lillian Point,664-938-5334,chouchin16@java.com
44,559 Hoffman Trail,529-991-9810,rmarsland17@mail.ru
45,25530 Kinsman Terrace,822-242-6952,hdaudray18@mtv.com
46,78 Declaration Circle,985-203-0699,lakehurst19@cloudflare.com
47,734 Green Alley,365-660-0672,jpilling1a@google.fr
48,96 Ridgeway Center,985-962-4692,ccoughan1b@purevolume.com
49,7 Melvin Parkway,167-484-4149,rpestor1c@about.com
50,3876 Kim Junction,891-782-8193,tloyd1d@harvard.edu
